{
  "settings": {
    "oov_policy": "ignore",
    "subclass_source": "/home/user/qwen/qwen_after_only/datasets/indi_image/images/after_img_all_xml/annotations.xml"
  },
  "item_leaf_level": {
    "num_items": 1,
    "exact_match_acc": 0.0,
    "mean_jaccard": 0.0,
    "micro_precision": 0.0,
    "micro_recall": 0.0,
    "micro_f1": 0.0,
    "macro_f1": 0.0,
    "per_class": {
      "aburaage": {
        "tp": 0,
        "fp": 1,
        "fn": 0,
        "precision": 0.0,
        "recall": 0.0,
        "f1": 0.0
      },
      "hijiki": {
        "tp": 0,
        "fp": 1,
        "fn": 0,
        "precision": 0.0,
        "recall": 0.0,
        "f1": 0.0
      }
    },
    "oov_penalty": {
      "applied": false,
      "pred_oov_as_FP": 0,
      "gt_oov_as_FN": 0
    }
  },
  "meal_leaf_level": {
    "num_items": 71,
    "exact_match_acc": 0.0,
    "mean_jaccard": 0.3295021385224367,
    "micro_precision": 0.4028520499108734,
    "micro_recall": 0.5607940446650124,
    "micro_f1": 0.46887966804979253,
    "macro_f1": 0.26392690464903285,
    "per_class": {
      "rice": {
        "tp": 56,
        "fp": 10,
        "fn": 1,
        "precision": 0.8484848484848485,
        "recall": 0.9824561403508771,
        "f1": 0.9105691056910568
      },
      "banana": {
        "tp": 5,
        "fp": 3,
        "fn": 0,
        "precision": 0.625,
        "recall": 1.0,
        "f1": 0.7692307692307693
      },
      "egg": {
        "tp": 8,
        "fp": 10,
        "fn": 1,
        "precision": 0.4444444444444444,
        "recall": 0.8888888888888888,
        "f1": 0.5925925925925926
      },
      "green_pea": {
        "tp": 1,
        "fp": 8,
        "fn": 0,
        "precision": 0.1111111111111111,
        "recall": 1.0,
        "f1": 0.19999999999999998
      },
      "komatsuna": {
        "tp": 1,
        "fp": 9,
        "fn": 0,
        "precision": 0.1,
        "recall": 1.0,
        "f1": 0.18181818181818182
      },
      "ham": {
        "tp": 1,
        "fp": 10,
        "fn": 0,
        "precision": 0.09090909090909091,
        "recall": 1.0,
        "f1": 0.16666666666666669
      },
      "nameko": {
        "tp": 0,
        "fp": 15,
        "fn": 0,
        "precision": 0.0,
        "recall": 0.0,
        "f1": 0.0
      },
      "spinach": {
        "tp": 4,
        "fp": 1,
        "fn": 12,
        "precision": 0.8,
        "recall": 0.25,
        "f1": 0.38095238095238093
      },
      "hijiki": {
        "tp": 1,
        "fp": 9,
        "fn": 2,
        "precision": 0.1,
        "recall": 0.3333333333333333,
        "f1": 0.15384615384615383
      },
      "burdock": {
        "tp": 1,
        "fp": 1,
        "fn": 4,
        "precision": 0.5,
        "recall": 0.2,
        "f1": 0.28571428571428575
      },
      "kamaboko": {
        "tp": 1,
        "fp": 6,
        "fn": 5,
        "precision": 0.14285714285714285,
        "recall": 0.16666666666666666,
        "f1": 0.15384615384615383
      },
      "onion": {
        "tp": 12,
        "fp": 6,
        "fn": 9,
        "precision": 0.6666666666666666,
        "recall": 0.5714285714285714,
        "f1": 0.6153846153846153
      },
      "carrot": {
        "tp": 39,
        "fp": 4,
        "fn": 8,
        "precision": 0.9069767441860465,
        "recall": 0.8297872340425532,
        "f1": 0.8666666666666666
      },
      "green_onion": {
        "tp": 8,
        "fp": 20,
        "fn": 0,
        "precision": 0.2857142857142857,
        "recall": 1.0,
        "f1": 0.4444444444444445
      },
      "wakame": {
        "tp": 3,
        "fp": 7,
        "fn": 4,
        "precision": 0.3,
        "recall": 0.42857142857142855,
        "f1": 0.3529411764705882
      },
      "sweet_potato": {
        "tp": 1,
        "fp": 6,
        "fn": 1,
        "precision": 0.14285714285714285,
        "recall": 0.5,
        "f1": 0.22222222222222224
      },
      "green_pepper": {
        "tp": 5,
        "fp": 13,
        "fn": 1,
        "precision": 0.2777777777777778,
        "recall": 0.8333333333333334,
        "f1": 0.4166666666666667
      },
      "green_beans": {
        "tp": 4,
        "fp": 11,
        "fn": 10,
        "precision": 0.26666666666666666,
        "recall": 0.2857142857142857,
        "f1": 0.2758620689655172
      },
      "potato": {
        "tp": 7,
        "fp": 4,
        "fn": 3,
        "precision": 0.6363636363636364,
        "recall": 0.7,
        "f1": 0.6666666666666666
      },
      "chicken_nugget": {
        "tp": 0,
        "fp": 1,
        "fn": 0,
        "precision": 0.0,
        "recall": 0.0,
        "f1": 0.0
      },
      "aburaage": {
        "tp": 3,
        "fp": 29,
        "fn": 0,
        "precision": 0.09375,
        "recall": 1.0,
        "f1": 0.17142857142857143
      },
      "radish": {
        "tp": 1,
        "fp": 4,
        "fn": 11,
        "precision": 0.2,
        "recall": 0.08333333333333333,
        "f1": 0.11764705882352941
      },
      "taro": {
        "tp": 1,
        "fp": 0,
        "fn": 4,
        "precision": 1.0,
        "recall": 0.2,
        "f1": 0.33333333333333337
      },
      "pickles": {
        "tp": 0,
        "fp": 0,
        "fn": 11,
        "precision": 0.0,
        "recall": 0.0,
        "f1": 0.0
      },
      "noodle": {
        "tp": 0,
        "fp": 11,
        "fn": 2,
        "precision": 0.0,
        "recall": 0.0,
        "f1": 0.0
      },
      "lotus_root": {
        "tp": 1,
        "fp": 9,
        "fn": 0,
        "precision": 0.1,
        "recall": 1.0,
        "f1": 0.18181818181818182
      },
      "pumpkin": {
        "tp": 3,
        "fp": 3,
        "fn": 1,
        "precision": 0.5,
        "recall": 0.75,
        "f1": 0.6
      },
      "mackerel": {
        "tp": 0,
        "fp": 0,
        "fn": 16,
        "precision": 0.0,
        "recall": 0.0,
        "f1": 0.0
      },
      "hakusai": {
        "tp": 1,
        "fp": 1,
        "fn": 10,
        "precision": 0.5,
        "recall": 0.09090909090909091,
        "f1": 0.15384615384615385
      },
      "chicken": {
        "tp": 5,
        "fp": 8,
        "fn": 2,
        "precision": 0.38461538461538464,
        "recall": 0.7142857142857143,
        "f1": 0.5
      },
      "edamame": {
        "tp": 0,
        "fp": 14,
        "fn": 0,
        "precision": 0.0,
        "recall": 0.0,
        "f1": 0.0
      },
      "shimeji": {
        "tp": 0,
        "fp": 0,
        "fn": 6,
        "precision": 0.0,
        "recall": 0.0,
        "f1": 0.0
      },
      "broccoli": {
        "tp": 5,
        "fp": 2,
        "fn": 0,
        "precision": 0.7142857142857143,
        "recall": 1.0,
        "f1": 0.8333333333333333
      },
      "bean_sprout": {
        "tp": 8,
        "fp": 10,
        "fn": 1,
        "precision": 0.4444444444444444,
        "recall": 0.8888888888888888,
        "f1": 0.5925925925925926
      },
      "melon": {
        "tp": 0,
        "fp": 1,
        "fn": 0,
        "precision": 0.0,
        "recall": 0.0,
        "f1": 0.0
      },
      "apple_puree": {
        "tp": 0,
        "fp": 5,
        "fn": 0,
        "precision": 0.0,
        "recall": 0.0,
        "f1": 0.0
      },
      "cucumber": {
        "tp": 10,
        "fp": 4,
        "fn": 1,
        "precision": 0.7142857142857143,
        "recall": 0.9090909090909091,
        "f1": 0.8
      },
      "apple": {
        "tp": 0,
        "fp": 2,
        "fn": 0,
        "precision": 0.0,
        "recall": 0.0,
        "f1": 0.0
      },
      "macaroni": {
        "tp": 0,
        "fp": 0,
        "fn": 4,
        "precision": 0.0,
        "recall": 0.0,
        "f1": 0.0
      },
      "koya_tofu": {
        "tp": 0,
        "fp": 15,
        "fn": 0,
        "precision": 0.0,
        "recall": 0.0,
        "f1": 0.0
      },
      "maitake": {
        "tp": 0,
        "fp": 3,
        "fn": 3,
        "precision": 0.0,
        "recall": 0.0,
        "f1": 0.0
      },
      "tofu": {
        "tp": 2,